"prov_code";"species";"bioclimate";"n";"Dim.1";"Dim.2";"Dim.3"
"CO1";"Quercus coccifera";"Mediterranean";30;-0,757393889099463;0,769325663812455;-0,649241689822788
"CO2";"Quercus coccifera";"Mediterranean";28;-1,10471971784841;2,25279512196737;0,77353181558084
"FA1";"Quercus faginea";"Sub-Mediterranean";28;-2,16572546889105;-0,288543751396155;-0,585847312547183
"FA2";"Quercus faginea";"Sub-Mediterranean";16;0,485496937543599;-0,480190056362242;-0,31830645853817
"IL1";"Quercus ilex";"Mediterranean";28;-0,384765995540949;0,480737830865954;-0,370443152178067
"IL2";"Quercus ilex";"Mediterranean";26;-0,150705230587035;1,34612117813085;-0,903272530151878
"PE1";"Quercus petraea";"Temperate";30;-0,385471622577683;-0,419692051597019;0,94045614345024
"PE2";"Quercus petraea";"Temperate";26;-1,06616306818436;-1,20050794611696;1,7277146331867
"PU1";"Quercus pubescens";"Sub-Mediterranean";26;-0,959712241844111;-1,19437541881447;-0,156896220477131
"PY1";"Quercus pyrenaica";"Sub-Mediterranean";27;0,0198485058989192;-1,83370256662143;-0,369643408616844
"PY2";"Quercus pyrenaica";"Sub-Mediterranean";28;2,64102118429981;-0,272901320802839;-0,638733798192645
"RO1";"Quercus robur";"Temperate";30;0,479465131845797;0,0821584248075422;0,0944552623318811
"RO2";"Quercus robur";"Temperate";24;0,427665756251384;0,623075098395384;0,0371220289415923
"SU1";"Quercus suber";"Mediterranean";27;0,582141862468982;-0,423180961679518;0,25427008212079
"SU2";"Quercus suber";"Mediterranean";29;2,43464676888746;0,246920306648173;0,048019260605637
